[{"model": "admin.logentry", "pk": 1, "fields": {"action_time": "2024-03-31T09:31:27.684Z", "user": 1, "content_type": 4, "object_id": "2", "object_repr": "книжный_червь", "action_flag": 1, "change_message": "[{\"added\": {}}]"}}, {"model": "admin.logentry", "pk": 2, "fields": {"action_time": "2024-03-31T09:38:56.246Z", "user": 1, "content_type": 4, "object_id": "3", "object_repr": "love", "action_flag": 1, "change_message": "[{\"added\": {}}]"}}, {"model": "auth.user", "pk": 1, "fields": {"password": "pbkdf2_sha256$720000$lij8eBWXR2Hk9EX3qOrQCF$wBY2/G5S3NlqppXKOdzWVTJgORS1ITu1uUrquKkvC84=", "last_login": "2024-03-31T09:30:19.290Z", "is_superuser": true, "username": "malvi", "first_name": "", "last_name": "", "email": "", "is_staff": true, "is_active": true, "date_joined": "2024-03-31T07:54:09.557Z", "groups": [], "user_permissions": []}}, {"model": "auth.user", "pk": 2, "fields": {"password": "pbkdf2_sha256$720000$Rekj8e822AqG7e2OQJo11c$DxEe2dGfOTU24e2PANeul3glRcRzonzrtyOPKG53uPQ=", "last_login": null, "is_superuser": false, "username": "книжный_червь", "first_name": "", "last_name": "", "email": "", "is_staff": false, "is_active": true, "date_joined": "2024-03-31T09:31:27.355Z", "groups": [], "user_permissions": []}}, {"model": "auth.user", "pk": 3, "fields": {"password": "pbkdf2_sha256$720000$7gxg5p0G9BRsSRpV3xHPda$qaOzxVeTySWRTa1crNznywwDE0J5d8FCIksgrBu+5A8=", "last_login": "2024-03-31T15:14:19.966Z", "is_superuser": false, "username": "love", "first_name": "", "last_name": "", "email": "", "is_staff": false, "is_active": true, "date_joined": "2024-03-31T09:38:55.981Z", "groups": [], "user_permissions": []}}, {"model": "auth.user", "pk": 4, "fields": {"password": "pbkdf2_sha256$720000$168M2pE4o2TE0IL8kdrovH$OTsxELp/h5rjBedJOIBMBgYSXQ9TGhMzO7pCh+CBPVA=", "last_login": "2024-03-31T15:25:53.420Z", "is_superuser": false, "username": "NewLove", "first_name": "Max", "last_name": "", "email": "", "is_staff": false, "is_active": true, "date_joined": "2024-03-31T15:25:12.437Z", "groups": [], "user_permissions": []}}, {"model": "auth.user", "pk": 5, "fields": {"password": "pbkdf2_sha256$720000$gbiYnZbRvuhE2X182IZb9z$EOexaw86fruiY7Z7AbBn7D7m1a2i9HNpsV8w8EQLcrI=", "last_login": "2024-04-09T05:57:09.595Z", "is_superuser": false, "username": "Данил", "first_name": "Макаров", "last_name": "", "email": "", "is_staff": false, "is_active": true, "date_joined": "2024-04-03T11:39:36.368Z", "groups": [], "user_permissions": []}}, {"model": "auth.user", "pk": 6, "fields": {"password": "pbkdf2_sha256$720000$Gv2eem2iHfKo7luaZDUiYT$3DH7QSIav8zea4WLNgFsN/DDMdL+btrhlULhuqXcZDA=", "last_login": "2024-04-03T13:10:08.032Z", "is_superuser": false, "username": "Виктория", "first_name": "Виктория", "last_name": "", "email": "", "is_staff": false, "is_active": true, "date_joined": "2024-04-03T13:09:54.788Z", "groups": [], "user_permissions": []}}, {"model": "auth.user", "pk": 7, "fields": {"password": "pbkdf2_sha256$720000$irbwfkUwwxgjH4uWZ90GPq$S8eyyT/hFQYnTfgxaifXKk+frAdhPHnv7zWxZdNTKmM=", "last_login": "2024-04-09T07:07:31.264Z", "is_superuser": false, "username": "Книголюб", "first_name": "Виктория", "last_name": "Мальцева", "email": "", "is_staff": false, "is_active": true, "date_joined": "2024-04-09T07:07:14.991Z", "groups": [], "user_permissions": []}}, {"model": "auth.user", "pk": 8, "fields": {"password": "pbkdf2_sha256$720000$RQJrsaG1PbJaJ8Zst0IliF$kPUZwGDrw0ch9mxws8w6Pscho+3DL4bhTtQIqJ69dPY=", "last_login": "2024-04-15T13:33:16.724Z", "is_superuser": false, "username": "Люблю_книги", "first_name": "Виктория", "last_name": "Мальцева", "email": "", "is_staff": false, "is_active": true, "date_joined": "2024-04-15T13:28:27.948Z", "groups": [], "user_permissions": []}}, {"model": "sessions.session", "pk": "3o6wdx0srfcnfmzn4a0745t8mz2hybaf", "fields": {"session_data": ".eJxVjDsOwjAQBe_iGlm2499S0nMGy7tekwCypXwqxN0hUgpo38y8l0h5W8e0LTynqYizCOL0u2GmB7cdlHtuty6pt3WeUO6KPOgir73w83K4fwdjXsZvjUVpqF6zIRqAbHbKFlO01kAcEEwmMM5HDCE6BXYAX5HQUuWIDFa8P-fBOBU:1ru5Zr:TKlb6KQzg_X7a4IPw7AhBXC3OuIAqHUS1YrzUyZSIUI", "expire_date": "2024-04-23T07:07:31.266Z"}}, {"model": "sessions.session", "pk": "7cu7rnvl4nptw6inwhz0107xm6ae8jlq", "fields": {"session_data": ".eJxVjEEOwiAQRe_C2pAO0FJcuu8ZyMAwUjWQlHZlvLtt0oVu_3vvv4XHbc1-a2nxM4mrAHH53QLGZyoHoAeWe5WxlnWZgzwUedImp0rpdTvdv4OMLe8192S1UQoJnDMqJR67nhgsxRBwCGMHwIGdiRqcQqOdNTQ4jDYp3jPx-QLu7Dgy:1rqq1p:iN9z_IFfIEkPv_mKsS0hZSvdgOEAtvs_e7BnewTH93w", "expire_date": "2024-04-14T07:54:57.537Z"}}, {"model": "books.author", "pk": 1, "fields": {"name": "Александр Сергеевич Пушкин", "body": "Александр Сергеевич Пушкин (1799-1837) - великий русский поэт, прозаик и драматург, который считается основоположником современной русской литературы. \nЕго творчество оказало огромное влияние на развитие литературы и культуры не только в России, но и за её пределами.\nПушкин начал писать еще в раннем возрасте, и его первые стихотворения были опубликованы еще в подростковом возрасте. Его произведения охватывают широкий диапазон тематики, включая любовь, природу, историю, философию и многое другое. Его стихи отличаются изысканной метафорикой, глубоким содержанием и красотой языка.\nСреди наиболее известных произведений Пушкина следует отметить \"Евгения Онегина\", роман в стихах, который стал воплощением реализма и романтики в русской литературе. Кроме того, он также написал множество других стихотворений, повестей, рассказов и драм, включая \"Пиковую даму\", \"Медный всадник\", \"Руслан и Людмилу\" и многие другие.\nПушкин также был активным общественным деятелем и участником интеллектуальной жизни своего времени. Его произведения не только развлекали и вдохновляли читателей, но и вносили значительный вклад в формирование русской литературной культуры и национальной идентичности.", "photo": "https://upload.wikimedia.org/wikipedia/commons/thumb/5/56/Kiprensky_Pushkin.jpg/405px-Kiprensky_Pushkin.jpg"}}, {"model": "books.author", "pk": 2, "fields": {"name": "Лев Николаевич Толстой", "body": "Лев Николаевич Толстой (1828-1910) - выдающийся русский писатель, мыслитель и философ, чьи произведения оказали огромное влияние на мировую литературу. Он известен своими глубокими и философскими произведениями, а также своими взглядами на мораль, религию и человеческую судьбу.\n\nТолстой начал свою литературную карьеру как писатель реалистических произведений, отражающих жизнь русской аристократии и крестьянства. Его ранние произведения, такие как \"Детство\", \"Отрочество\" и \"Юность\", были воспоминаниями о собственном прошлом и стали популярными среди читателей своего времени.\n\nОднако наибольшую известность Толстой получил благодаря своим эпическим произведениям, в частности романам \"Война и мир\" и \"Анна Каренина\". \"Война и мир\" - это эпическая хроника русско-французской войны 1812 года, охватывающая широкий временной и пространственный диапазон и включающая в себя множество персонажей и событий. \"Анна Каренина\" - это роман о любви, морали и предательстве, который стал одним из наиболее известных и влиятельных произведений мировой литературы.\n\nКроме того, Толстой был известен своими сочинениями философского характера, в которых он выражал свои мысли о жизни, смерти, морали, религии и человеческой судьбе. Его сочинения вдохновили многих людей на всем мире и оказали огромное влияние на развитие литературы и мысли в конце XIX и начале XX веков.", "photo": "https://www.culture.ru/_next/image?url=https%3A%2F%2Fcdn.culture.ru%2Fimages%2F76f6eaaa-97b1-5cc9-8955-b9099dc5bbb2%2Fc_fill%2Cg_center%2Fava-jpg&w=3840&q=75"}}, {"model": "books.author", "pk": 3, "fields": {"name": "Федор Михайлови Достоевский", "body": "Фёдор Михайлович Достоевский (1821-1881) - выдающийся русский писатель, чьи произведения оставили неизгладимый след в мировой литературе. Он известен своими глубокими психологическими портретами, философскими размышлениями и мощным воздействием на читателей.\n\nДостоевский начал свою литературную карьеру в 1840-х годах, когда его рассказы и романы привлекли внимание публики и критики. Однако настоящее признание и успех пришли к нему с публикацией романа \"Преступление и наказание\" в 1866 году. Этот роман стал мировым бестселлером и считается одним из величайших произведений русской и мировой литературы.\n\nДостоевский также известен своими другими произведениями, такими как \"Идиот\", \"Бесы\", \"Братья Карамазовы\" и \"Записки из подполья\". В этих произведениях он исследует глубокие моральные и философские вопросы, такие как смысл жизни, свобода воли, вера и сомнения, добро и зло. Его персонажи становятся истинными \"людьми в полном смысле слова\", с несовершенствами и страстями, но в то же время с поиском истины и истинного смысла жизни.\n\nДостоевский также был известен своими сочинениями общественно-политического характера, в которых он выражал свои взгляды на современное общество и политику. Его произведения оказали огромное влияние на развитие литературы и мысли в России и за ее пределами, и до сих пор продолжают вдохновлять читателей по всему миру.", "photo": "https://upload.wikimedia.org/wikipedia/commons/7/78/Vasily_Perov_-_%D0%9F%D0%BE%D1%80%D1%82%D1%80%D0%B5%D1%82_%D0%A4.%D0%9C.%D0%94%D0%BE%D1%81%D1%82%D0%BE%D0%B5%D0%B2%D1%81%D0%BA%D0%BE%D0%B3%D0%BE_-_Google_Art_Project.jpg"}}, {"model": "books.author", "pk": 4, "fields": {"name": "Сергей Есенин", "body": "Сергей Александрович Есенин (1895-1925) - выдающийся русский поэт, чьи стихи проникнуты глубокой лирикой, эмоциональностью и остротой чувств. Есенин считается одним из крупнейших представителей русской поэзии XX века и одним из символов своей эпохи.\n\nЕсенин начал свою литературную деятельность в начале XX века и очень быстро привлек внимание критики и читателей своими стихами. Его поэтический стиль был оригинален и уникален, и его работы часто описываются как простые и легкие, но в то же время глубокие и проникновенные.\n\nВ его стихах преобладают темы любви, природы, родины и человеческих чувств. Он умело играл со словами, создавая образы и ассоциации, которые заставляли читателей проникнуться его лирикой и эмоциями.\n\nЕсенин также был известен своими общественными и политическими взглядами, которые нашли отражение в его стихах. Он выступал за свободу и независимость русской поэзии, а также за права простого народа. Его работы часто вызывали полемику и разногласия среди критиков и читателей, но они всегда оставались в центре внимания и вызывали интерес.\n\nСергей Есенин был не только великим поэтом, но и живым символом своей эпохи, времени смуты и перемен, и его стихи до сих пор остаются одним из самых читаемых и любимых в русской литературе.", "photo": "https://orenburzhie.ru/wp-content/uploads/2020/09/%D0%A1%D1%82%D0%B8%D1%85-%D0%A7%D0%B5%D1%80%D0%B5%D0%BC%D1%83%D1%85%D0%B0-%D0%A1%D0%B5%D1%80%D0%B3%D0%B5%D0%B9-%D0%95%D1%81%D0%B5%D0%BD%D0%B8%D0%BD-768x668-1.jpg"}}, {"model": "books.author", "pk": 5, "fields": {"name": "Стивен Кинг", "body": "Стивен Кинг (род. 1947) - американский писатель, автор множества бестселлеров в жанре ужасов, фэнтези и триллеров, который стал одним из самых успешных и влиятельных авторов современности.\n\nЕго книги известны своей неповторимой атмосферой, захватывающими сюжетами и мастерством создания напряжения. Кинг умело играет с читателями, внедряяся в самые темные уголки человеческой психики и заставляя их переживать страх и ужас на каждой странице.\n\nМногие произведения Кинга были экранизированы, причем неоднократно и с большим успехом. Среди наиболее известных экранизаций его работ можно выделить фильмы \"Оно\", \"Сияние\", \"Зеленая миля\", \"Особо опасны\" и многие другие.\n\nКроме того, Кинг активно выступает за права писателей и свободу слова, а его мнения и взгляды на литературу и культуру широко цитируются и обсуждаются в медиа и общественной сфере.\n\nСтрастный поклонник книг остается в числе лидеров в мире литературы, привлекая миллионы читателей по всему миру своим уникальным стилем и неповторимой магией слова.", "photo": "https://encrypted-tbn0.gstatic.com/images?q=tbn:ANd9GcRuD6NhspKvgxNowco_9w7-po7iBPiM1I9RHiYVphq8Mg&s"}}, {"model": "books.author", "pk": 6, "fields": {"name": "Рэй Брэдбери", "body": "Рэй Брэдбери (1920-2012) - американский писатель, один из величайших мастеров научной фантастики и фэнтези, чьи произведения оказали огромное влияние на развитие литературы и культуры в целом.\n\nБрэдбери известен своими яркими и оригинальными идеями, захватывающими сюжетами и умением задумываться над вопросами человеческого бытия и будущего. Его произведения часто касаются тем научного прогресса, технологий, свободы личности и места человека во Вселенной.\n\nНаиболее известные работы Брэдбери включают в себя роман \"451 градус по Фаренгейту\", который рассказывает о мире, где книги запрещены и сжигаются, а также сборник рассказов \"Марсианские хроники\", где он изображает колонизацию Марса и взаимодействие человечества с ним.\n\nВ его произведениях часто присутствуют мотивы мистики, фантастики и ужаса, которые позволяют ему исследовать глубинные аспекты человеческой природы и размышлять о смысле жизни и смерти.\n\nКроме того, Брэдбери также был известен своими сочинениями для детей и молодежи, такими как \"Вино из одуванчиков\" и \"Школа марсианских хроник\", которые стали классикой среди литературы для подростков.\n\nРэй Брэдбери оставил неизгладимый след в истории литературы и культуры, и его произведения до сих пор остаются актуальными и вдохновляющими для многих читателей по всему миру.", "photo": "https://cdnn21.img.ria.ru/images/104263/69/1042636963_0:93:2000:1218_600x0_80_0_0_a6efd990dc2eec185d553b7ae3dbdfd9.jpg"}}, {"model": "books.author", "pk": 7, "fields": {"name": "Маргарет Митчелл", "body": "Маргарет Митчелл (1900-1949) - американская писательница, наиболее известная как автор романа \"Унесенные ветром\", который стал одним из самых популярных и влиятельных произведений в истории американской литературы.\n\n\"Унесенные ветром\" рассказывает историю о жизни и любви юной красавицы Скарлетт О'Хара в период Гражданской войны и реконструкции в США. Роман пронизан темами любви, стойкости, выживания и преодоления трудностей, а его главная героиня Скарлетт стала одним из наиболее запоминающихся икон американской литературы.\n\nМитчелл умело воплотила в жизнь множество ярких и сложных персонажей, а ее описания атмосферы и обстановки Юга с его обычаями и традициями помогли создать живописный и увлекательный мир романа.\n\n\"Унесенные ветром\" был награжден Пулитцеровской премией за лучший роман 1937 года, а экранизация романа, выпущенная в 1939 году, стала одним из самых известных и популярных фильмов в истории кинематографа.\n\nМаргарет Митчелл оставила неизгладимый след в американской литературе благодаря своему мастерству и великолепному роману, который до сих пор остается классикой мировой литературы и продолжает вдохновлять читателей по всему миру.", "photo": "https://skyteach.ru/wp-content/uploads/2017/09/%D0%9C%D0%B0%D1%80%D0%B3%D0%B0%D1%80%D0%B5%D1%82-%D0%9C%D0%B8%D1%82%D1%87%D0%B5%D0%BB%D0%BB.jpg"}}, {"model": "books.author", "pk": 8, "fields": {"name": "Виктор Мари Гюго", "body": "Виктор Гюго (1802-1885) - великий французский писатель, поэт, драматург и общественный деятель, чье имя стало символом литературного гения и борьбы за права человека.\n\nОдним из наиболее известных произведений Гюго является роман \"Отверженные\" (\"Les Misérables\"), который стал классикой мировой литературы. В этом романе он затрагивает широкий спектр тем, включая справедливость, милосердие, доброту, любовь и человеческое достоинство. Гюго создал несколько неповторимых персонажей, чьи истории заставляют читателя переживать и восхищаться их силой духа и верой в лучшее.\n\nОднако Гюго также известен своими поэтическими произведениями, включая сборник \"Собрание стихотворений\" (\"Les Contemplations\"), который содержит некоторые из самых прекрасных и глубоких стихов на французском языке. Его стихи о любви, природе, вере и смерти продолжают вдохновлять читателей по всему миру своей красотой и эмоциональностью.\n\nВиктор Гюго также был известен своей общественной деятельностью и борьбой за права человека и справедливость. Он был страстным защитником свободы слова, прав человека и социальной справедливости, и его голос имел огромное значение в политической и общественной жизни Франции.\n\nВсе его произведения, будь то романы, стихи или драмы, отличаются глубоким чувством человечности, проникновенной лирикой и мощным воздействием на читателя. Виктор Гюго остается одним из самых великих писателей всех времен, чье наследие продолжает жить и вдохновлять людей по всему миру.", "photo": "https://aif-s3.aif.ru/images/011/073/462342c170653e66fe2752b145726136.jpg"}}, {"model": "books.author", "pk": 9, "fields": {"name": "Михаил Александрович Шолохов", "body": "Михаил Александрович Шолохов (1905-1984) - выдающийся советский писатель, лауреат Нобелевской премии по литературе (1965 год), известный своими произведениями о русской революции, Гражданской войне и сельской жизни на Дону.\n\nОдним из наиболее известных произведений Шолохова является эпопея \"Тихий Дон\", которая состоит из четырех книг: \"Донские рассказы\", \"Тихий Дон\", \"Поднятая целина\" и \"Земля людей\". Это масштабное историческое произведение рассказывает о судьбе казаков на Дону в период Первой мировой войны, революции и Гражданской войны, а также о жизни советского крестьянства и коллективизации в 1930-е годы. Роман выделяется глубоким изучением русского народа, богатством сюжетных линий и проникновенностью описания человеческих судеб.\n\nШолохов также известен своими короткими рассказами, в которых он передает атмосферу сельской жизни и крестьянской борьбы за свободу и справедливость. Его произведения отличаются живым языком, реалистичным изображением быта и характеров, а также глубоким чувством патриотизма и любви к родной земле.\n\nШолохов также был активным общественным деятелем и членом Советского Союза писателей. Он всегда выступал за защиту интересов простых людей и боролся за свободу слова и творчества.\n\nМихаил Шолохов оставил неизгладимый след в русской литературе, его произведения до сих пор пользуются огромной популярностью и являются классикой мировой литературы, а его имя остается символом выдающегося творческого дарования и глубокой любви к родной земле и народу.", "photo": "https://upload.wikimedia.org/wikipedia/commons/2/27/%D0%9C%D0%B8%D1%85%D0%B0%D0%B8%D0%BB_%D0%90%D0%BB%D0%B5%D0%BA%D1%81%D0%B0%D0%BD%D0%B4%D1%80%D0%BE%D0%B2%D0%B8%D1%87_%D0%A8%D0%BE%D0%BB%D0%BE%D1%85%D0%BE%D0%B2.jpg"}}, {"model": "books.author", "pk": 11, "fields": {"name": "Игорь Северянин", "body": " Игорь Ильинич Краснов, известный под псевдонимом Игорь Северянин, был русским поэтом и одним из представителей \"серебряного века\" русской литературы. Его стихи отличаются экспрессивностью, интимностью и тонкой лирикой. Был известен своими необычными, иногда эксцентричными образами и философскими размышлениями о жизни и смерти.", "photo": "https://encrypted-tbn0.gstatic.com/images?q=tbn:ANd9GcQHuWZo8o-seJH3WKOlCIGVEFRMy8lwejBLSCbZb_yIGg&s"}}, {"model": "books.author", "pk": 12, "fields": {"name": "Михаил Афанасьевич Булгаков", "body": "Михаил Афанасьевич Булгаков (1891–1940): Русский писатель и драматург, автор знаменитого романа \"Мастер и Маргарита\", который стал классикой мировой литературы. Его творчество сочетает в себе элементы фантастики, сатиры, философии и глубокие размышления о человеческой судьбе и роли искусства в обществе.", "photo": "https://alpinabook.ru/upload/resize_cache/iblock/811/8nrobsbxyct0d0s9qzebw0iryf2c07gj/550_800_1/avtor3.jpg"}}, {"model": "books.author", "pk": 13, "fields": {"name": "Уильям Шекспир", "body": "Великий английский поэт и драматург, считается одним из величайших литературных гениев всех времен. Его творчество охватывает различные жанры, от комедий и трагедий до исторических пьес и сонетов. Шекспир создал неизгладимый след в мировой литературе своими уникальными характерами, глубокими идеями и великолепным языком.", "photo": "https://upload.wikimedia.org/wikipedia/commons/thumb/f/fb/Cobbe_portrait_of_Shakespeare.jpg/250px-Cobbe_portrait_of_Shakespeare.jpg"}}, {"model": "books.author", "pk": 14, "fields": {"name": "Иван Андреевич Крылов", "body": "Русский писатель, фаблист и драматург, наиболее известный своими баснями. В своих произведениях он умело использовал образы животных для выражения нравственных и философских истин. Басни Крылова до сих пор остаются популярными и любимыми детьми и взрослыми.", "photo": "https://upload.wikimedia.org/wikipedia/commons/6/6c/Ivan_Krylov.jpg"}}, {"model": "books.author", "pk": 15, "fields": {"name": "Анатолий Степанович Иванов", "body": "русский прозаик и сценарист. Один из крупнейших советских писателей-«почвенников», писавших романы на деревенскую тему. Герой Социалистического Труда (1984). Лауреат Государственной премии СССР (1979).", "photo": "https://upload.wikimedia.org/wikipedia/ru/7/75/Ivanov_AS.jpg"}}, {"model": "books.author", "pk": 16, "fields": {"name": "Жюль Верн", "body": "Французский писатель, создатель научно-фантастической литературы. Его романы, такие как \"Двадцать тысяч лье под водой\", \"Путешествие к центру Земли\", \"Вокруг света за 80 дней\", стали классикой жанра и оказали огромное влияние на развитие научной фантастики.", "photo": "https://ethnomir.ru/upload/medialibrary/a9a/wern.jpg"}}, {"model": "books.author", "pk": 17, "fields": {"name": "Агата Кристи", "body": "Британская писательница, королева детектива, автор более 60 детективных романов и 14 рассказов о знаменитом сыщике Эркюле Пуаро. Ее работы славятся за запутанные сюжеты, неожиданные развязки и красочных персонажей.", "photo": "https://n1s1.hsmedia.ru/ef/80/10/ef80107cfe41af4e8365b02468e929fa/728x542_1_c07b2a1f8dbc5939e7a5eaba4302ece0@1000x745_0xac120003_20131893741626249912.jpg"}}, {"model": "books.author", "pk": 18, "fields": {"name": "Артур Конан Дойл", "body": "Британский писатель и врач, наиболее известный создателем персонажа Шерлока Холмса. Его рассказы и романы о Холмсе, а также о его друге и помощнике докторе Ватсоне, стали классикой детективного жанра и получили широкое признание читателей по всему миру.", "photo": "https://upload.wikimedia.org/wikipedia/commons/thumb/b/bd/Arthur_Conan_Doyle_by_Walter_Benington%2C_1914.png/800px-Arthur_Conan_Doyle_by_Walter_Benington%2C_1914.png"}}, {"model": "books.author", "pk": 19, "fields": {"name": "Эдгар Аллан По", "body": "Американский писатель, поэт и литературный критик, известный своими мрачными и таинственными рассказами и стихами. Его работы, такие как \"Убийство на улице Морг\", \"Вор в законе\", \"Черная кошка\", оказали значительное влияние на развитие жанра ужасов и детектива.", "photo": "https://upload.wikimedia.org/wikipedia/commons/thumb/9/97/Edgar_Allan_Poe%2C_circa_1849%2C_restored%2C_squared_off.jpg/210px-Edgar_Allan_Poe%2C_circa_1849%2C_restored%2C_squared_off.jpg"}}, {"model": "books.author", "pk": 20, "fields": {"name": "Чарльз Диккенс", "body": "Английский писатель XIX века, известный своими социальными романами, которые описывают жизнь викторианской Англии. Его произведения, такие как \"Оливер Твист\", \"Дэвид Копперфильд\", \"Большие надежды\", являются классикой мировой литературы и прославили его как выдающегося романиста и общественного деятеля.", "photo": "https://upload.wikimedia.org/wikipedia/commons/a/aa/Dickens_Gurney_head.jpg"}}, {"model": "books.author", "pk": 21, "fields": {"name": "Оскар Уайльд", "body": "Ирландский писатель, поэт и драматург, известный своим остроумием, ярким стилем и философскими размышлениями. Его произведения", "photo": "https://upload.wikimedia.org/wikipedia/commons/9/9c/Oscar_Wilde_portrait.jpg"}}, {"model": "books.genre", "pk": 1, "fields": {"genre": "Фантастика", "body": "Этот жанр часто представляет собой вымышленные миры, технологические новшества, приключения в космосе и взаимодействие с неизвестными формами жизни. Он может включать в себя поджанры, такие как научная фантастика, фэнтези, ужасы, альтернативная история и др."}}, {"model": "books.genre", "pk": 2, "fields": {"genre": "Рассказы", "body": "Рассказы представляют собой короткие литературные произведения, которые могут содержать один или несколько сюжетов и обычно фокусируются на одном ключевом моменте или идее. Они могут быть как вымышленными, так и основанными на реальных событиях."}}, {"model": "books.genre", "pk": 3, "fields": {"genre": "Романы", "body": "Этот жанр обычно охватывает более широкий спектр событий, персонажей и тем, чем рассказы. Романы могут быть различной длины и включать в себя более сложные сюжетные линии, развитие персонажей и широкий круг тематик."}}, {"model": "books.genre", "pk": 4, "fields": {"genre": "Сказки", "body": " Сказки - это древний жанр, который часто включает в себя элементы магии, фантастики и моральных уроков. Они обычно направлены на детей, но могут быть оценены читателями всех возрастов."}}, {"model": "books.genre", "pk": 5, "fields": {"genre": "Повести", "body": "Повести представляют собой промежуточный формат между рассказами и романами. Они обычно длиннее рассказов, но короче по объему и сложности, чем типичные романы."}}, {"model": "books.genre", "pk": 6, "fields": {"genre": "Детективы", "body": "Этот жанр сосредотачивается на расследовании преступлений, разгадывании тайн и поиске правды. Детективы часто включают элементы напряжения, интриги и развития сюжета."}}, {"model": "books.genre", "pk": 7, "fields": {"genre": "История", "body": "Жанр истории включает в себя литературные произведения, основанные на реальных исторических событиях, периодах и персонажах. Они могут быть как художественными интерпретациями истории, так и биографиями конкретных личностей или историческими романами."}}, {"model": "books.genre", "pk": 8, "fields": {"genre": "Басни", "body": "Басня - это короткое художественное произведение в стихах или прозе, в котором главные герои обычно представлены животными, растениями или предметами. Основная цель басни - донести моральное, философское или нравственное учение читателю с помощью образов животных и событий, происходящих с ними. Басни часто содержат аллегории и сатирические элементы, их главным атрибутом является нравоучительность."}}, {"model": "books.genre", "pk": 9, "fields": {"genre": "Поэзия", "body": "Поэзия - это литературный жанр, в котором автор выражает свои мысли, эмоции и впечатления с помощью метафор, образов, ритма и музыкальности языка. Поэзия может быть написана как в стихах, так и в прозе, и охватывает широкий спектр тем и эмоциональных состояний. Часто поэзия используется для выражения чувственных переживаний, философских и метафизических размышлений, а также для передачи красоты и гармонии языка."}}, {"model": "books.genre", "pk": 10, "fields": {"genre": "Трагедии", "body": "Трагедия - это драматическое произведение, в котором представлены столкновение человеческих страстей, ошибок и несовершенства с безжалостным ходом событий, в результате которого главный герой приходит к гибели или сильному страданию. Трагедии обычно содержат высокий уровень напряжения, драматические конфликты и глубокие философские вопросы о смысле жизни, справедливости и судьбе. Темы трагедий часто связаны с мифологией, историей или реальными событиями."}}, {"model": "books.book", "pk": 1, "fields": {"name": "Капитанская дочка", "body": "\"Капитанская дочка\" - это роман-повесть, написанный Александром Сергеевичем Пушкиным в 1836 году. Роман описывает события, происходящие в России во время восстания Пугачева в 1773-1774 годах. Главный герой, Петр Андреевич Гринев, оказывается втянутым в эти события, когда он встречает таинственную красавицу Машу Миронову, которая является дочерью капитана Петра Гринева. Влюбившись в Машу, Петр сталкивается с множеством испытаний и опасностей, в том числе с предательством и верностью своим убеждениям. Роман \"Капитанская дочка\" известен своими живописными описаниями и глубоким психологическим изучением персонажей, а также является важным произведением в русской литературе, отражающим социальные и политические аспекты своего времени.", "author": 1, "genre": 5}}, {"model": "books.book", "pk": 2, "fields": {"name": "Унесенные ветром", "body": "Унесенные ветром\" - это потрясающая сага о любви, стойкости и выживании в эпоху Гражданской войны в США. Главная героиня, Скарлетт О'Хара, - это поразительная женщина, чья жизнь и судьба связаны с драматическими событиями в американском Юге.\n\nСкарлетт - красавица с огненным характером, чьи амбиции не знают границ. Влюбленная в Эшли Уилкса, она сталкивается с болезненной реальностью, когда тот женится на другой женщине. В этот момент она встречает загадочного Ретта Батлера, их страстная любовь к друг другу разгорается, однако Скарлетт часто борется с собой и с окружающим миром.\n\nВ то время как война разрушает все вокруг, Скарлетт вынуждена пережить невообразимые потери, но ее внутренняя сила и решимость только усиливаются. Она становится символом выживания и борьбы, стремясь сохранить свою землю и свое наследие.", "author": 7, "genre": 3}}, {"model": "books.book", "pk": 5, "fields": {"name": "Евгений Онегин", "body": "Главный герой, Евгений Онегин, - загадочный и привлекательный молодой джентльмен, чья жизнь полна невыразимых переживаний и внутренних противоречий. Он приезжает в свой усадебный имение и быстро становится объектом внимания общества. Его холодное и циничное отношение к окружающим заставляет всех задуматься о его истинной природе.\n\nСюжет развивается вокруг двух главных сюжетных линий. Первая - это любовь Онегина к Татьяне Лариной, простой деревенской девушке. Татьяна влюбляется в него с первого взгляда, и ее чистое и искреннее чувство оставляет неизгладимый след в сердце Онегина. Однако его хладнокровие и равнодушие заставляют его отвернуться от нее, принеся страдания и разочарование.\n\nВторая сюжетная линия связана с романтическими отношениями Онегина и Ленского, молодого поэта, и его невесты Ольги Лариной, сестры Татьяны. Этот треугольник сталкивается с трагическим исходом, который приводит к серьезным последствиям для всех участников.", "author": 1, "genre": 3}}, {"model": "books.book", "pk": 6, "fields": {"name": "Сказка о царе Салтане", "body": "Сюжет начинается с того, что царь Салтан узнает от своего старика-гусара, что его жена родила сына, несмотря на то что он находится в далеком путешествии. С целью убедиться в правде слов гусара, царь решает послать письмо своей жене. Однако его злобные два брата-боярина, желая завладеть троном, подменяют письмо другим, в котором жена царя утверждает, что родилась не сын, а уродливый петушок, а потом отправляет царицу и ее сына на необитаемый остров.\n\nТам они встречают доброго моряка, который помогает им выжить и возвратиться в столицу. С помощью волшебства царица восстанавливает истинный облик своего сына, а царь освобождает страну от тирании братьев-бояр.\n\nЭта сказка о любви, предательстве и милосердии заставляет читателей верить в чудеса и возвышенные ценности. Она наполнена волшебством и теплом, оставляя яркий след в сердцах читателей всех возрастов.", "author": 1, "genre": 4}}, {"model": "books.book", "pk": 7, "fields": {"name": "Дубровский", "body": "Главный герой, Григорий Александрович Дубровский, вынужден бороться с несправедливостью и коррупцией, которая царит в его собственной семье. Он становится бунтарем, мстя против тирана, который лишил его отца, а затем и его собственной чести. Покидая роскошные залы родового имения, Дубровский бросается в опасное приключение, чтобы найти справедливость и отомстить за свою семью.\n\nВо время своего путешествия Дубровский встречает различных людей, каждый из которых вносит свой вклад в его жизнь и судьбу. Он влюбляется в Машу Миронову, дочь своего заклятого врага, и их запретная любовь становится центром напряженных событий.\n\nСюжет \"Дубровского\" наполнен драмой, романтикой и духом приключений. Пушкин исследует темы мести, любви и верности, представляя нам сложные и противоречивые характеры, с которыми мы можем сопереживать и сопереживать. Это великолепное произведение оставляет неизгладимый след в сердцах читателей, заставляя задуматься о смысле справедливости и человеческой природе.", "author": 1, "genre": 3}}, {"model": "books.book", "pk": 8, "fields": {"name": "ОНО", "body": "\"Оно\" - это одно из наиболее известных произведений Стивена Кинга, которое проникает в самые темные уголки человеческой психики и заставляет читателей переживать настоящие ужасы.\n\nСюжет разворачивается в небольшом городке Дерри, где дети начинают исчезать без следа. Вскоре герои обнаруживают, что за этими пропажами стоит нечто невообразимое - зловещее существо, известное как \"Оно\", которое принимает форму самых глубоких страхов каждого ребенка.\n\nГлавные герои - группа подростков, объединенных желанием победить \"Оно\" и защитить свой город от зла. Они сталкиваются с необъяснимыми явлениями, кошмарами и ужасными видениями, но несмотря на все испытания, они несут надежду на победу.\n\nСобытия происходят как в прошлом, так и в настоящем, показывая, как прошлое влияет на жизнь каждого героя и формирует их характеры. \"Оно\" выходит на охоту каждые 27 лет, и эта группа друзей решает прервать этот цикл и уничтожить зло раз и навсегда.\n\nКнига \"Оно\" не только наполнена ужасами и напряжением, но и затрагивает темы дружбы, детства, искренности и силы человеческого духа. Она заставляет читателей задуматься о природе зла и о том, как мы взаимодействуем с ним в собственных жизнях.", "author": 5, "genre": 1}}, {"model": "books.book", "pk": 9, "fields": {"name": "Сияние", "body": "\"Сияние\" - это классический роман ужасов от Стивена Кинга, который сразу же вошел в золотой фонд литературы жанра и остается одним из наиболее известных и страшных произведений.\n\nСюжет разворачивается в отдаленном от всего мира отеле \"Оверлук\", где Джек Торренс, писатель и алкоголик, принимает должность смотрителя в зимний период. Вместе с ним в отель переезжают его жена Уэнди и сын Дэнни, обладающий таинственным даром - \"сиянием\", способностью видеть прошлое и будущее.\n\nПо мере того как зима наступает и отель закрывается на зимние каникулы, странные и ужасные вещи начинают происходить. Дэнни видит призраки и предчувствует неладное, а Джек погружается в безумие под влиянием зловещего влияния отеля.\n\nОдновременно с этим мы видим внутренние демоны семьи Торренс, их непростые отношения и попытки справиться с собственными страхами и проблемами. Интересно, что сам отель оказывается вторым героем романа, его темные коридоры и зловещие комнаты превращаются в поле битвы между добром и злом.\n\n\"Сияние\" - это не просто роман ужасов, но и глубокий психологический портрет человеческой природы, исследующий темы семьи, наследия, потери и отчаяния. Это произведение заставляет читателей проникнуться страхом и тревогой, а также подумать о природе зла и его влиянии на человеческую психику.", "author": 5, "genre": 1}}, {"model": "books.book", "pk": 10, "fields": {"name": "Война и мир", "body": "\n\"Война и мир\" - величайший роман Льва Толстого, шедевр мировой литературы, который представляет собой эпическую хронику жизни русского общества во времена наполеоновских войн.\n\nСюжет романа охватывает широкий временной и пространственный диапазон, начиная с 1805 года и заканчивая 1820-ми годами. Он описывает события русско-французской войны 1812 года и их влияние на жизнь аристократических семей в то время.\n\nГлавные герои - Пьер Безухов, Андрей Болконский и Наташа Ростова - предстают перед читателем во всей своей сложности, противоречивости и глубине. Они переживают любовь и потери, сталкиваются с моральными дилеммами и ищут свое место в жизни во время военных событий и мирной жизни.\n\n\"Война и мир\" - это не только исторический роман о войне и политике, но и глубокий психологический портрет общества, его традиций, обычаев и ценностей. Величественный стиль и философские размышления Толстого делают этот роман вечным шедевром, который заставляет читателя задуматься о природе человеческой души и смысле жизни.", "author": 2, "genre": 3}}, {"model": "account.comments", "pk": 2, "fields": {"title": "Неотразимая простота слов", "body": "Великолепная книга, которая открывает перед читателем богатство русской души и истории. Переживая события вместе с главными героями, я почувствовал, как каждое слово проникает в глубины сердца, раскрывая сложные взаимоотношения между людьми и величие простых, но искренних чувств. Эта книга – настоящий шедевр, который навсегда останется в моей памяти.", "created_at": "2024-04-03T12:04:33.520Z", "book": 1, "user": 5}}, {"model": "account.comments", "pk": 6, "fields": {"title": "Лучший роман о любви", "body": "\"Унесенные ветром\" - это не просто роман о любви, это эпическая сага о страсти, выживании и силе человеческого духа. С первых страниц этой великолепной книги читатель погружается в вихрь страстей и перипетий главной героини, Скарлетт О'Хары.\n\nОписывая эпоху Гражданской войны в США и ее последствия на южные штаты, Маргарет Митчелл создает живописный портрет времени и места, в котором разворачивается драма любви и страсти. Скарлетт - это не просто героиня, это символ силы и выживания, которая неуклонно стремится к своей мечте, несмотря ни на что.\n\nНесмотря на все трудности, с которыми ей пришлось столкнуться, Скарлетт находит в себе силы любить и быть любимой. Ее сложные отношения с Реттом Батлером и Ашли Уилксом отражают глубокие человеческие чувства и конфликты, делая эту книгу настоящим шедевром жанра.\n\nЧитатель ощущает каждый вздох, каждое трепетание сердца героев, и каждую боль, которую они переживают. \"Унесенные ветром\" не просто роман о любви, это глубокий и многогранный портрет человеческих отношений, который останется в сердце каждого читателя навсегда.", "created_at": "2024-04-03T12:26:42.262Z", "book": 2, "user": 5}}, {"model": "account.comments", "pk": 12, "fields": {"title": "Пустая оболочка без сути", "body": "Несмотря на обещания ярких и захватывающих приключений, книга \"Оно\" оказалась полной разочарованием. После того, как я преодолел массу страниц с бесконечными описаниями, ожидалось, что главный поворот сюжета заставит моё сердце забиться быстрее. Но, увы, моя апатия осталась неизменной. Главные герои были лишены глубины, а мир, в который они погрузились, оказался более плоским, чем пустая холодильная дверца. Разочарование достигло своего пика, когда обещанный финал оказался столь же предсказуемым, как и каждая страничка этой книги. Надеюсь, что в будущем автор сможет найти вдохновение, чтобы создать произведение, которое не будет дремать на полке с прочей безликой литературой.", "created_at": "2024-04-09T06:30:39.220Z", "book": 8, "user": 5}}, {"model": "account.comments", "pk": 13, "fields": {"title": "Одно из любимых произведений", "body": "После такого понимаешь как ты на самом деле одинок и не отыщется на всём свете человек, который бы понял тебя и твои эмоции. П \"Унесенные ветром\" Маргарет Митчелл, бесспорно, классика. Причём в лучшем её проявлении. Очень жаль, что прочла её только сейчас, а не 6-7 лет назад. Эта книга дала мне многое, спасибо автору.", "created_at": "2024-04-15T13:44:18.487Z", "book": 2, "user": 8}}]